number,value,datetime_start,datetime_complete,duration,params_C,params_d_gap_erosion,params_d_gaussian,params_n_bgd_points,params_n_fgd_points,state
0,0.04856114670863276,2026-04-10 04:04:22.189375,2026-04-10 04:05:06.755301,0 days 00:00:44.565926,4,17,23,1050,609,COMPLETE
1,0.04870733469993851,2026-04-10 04:05:06.756795,2026-04-10 04:05:52.972336,0 days 00:00:46.215541,6,11,13,1326,518,COMPLETE
2,0.05103748546010725,2026-04-10 04:05:52.981396,2026-04-10 04:06:36.594052,0 days 00:00:43.612656,0,15,27,1631,12,COMPLETE
3,0.048175330965377246,2026-04-10 04:06:36.595352,2026-04-10 04:07:17.183382,0 days 00:00:40.588030,3,7,9,1273,63,COMPLETE
4,0.04866258768182079,2026-04-10 04:07:17.185051,2026-04-10 04:07:55.200946,0 days 00:00:38.015895,10,21,19,1022,14,COMPLETE
5,0.049136040650179215,2026-04-10 04:07:55.202970,2026-04-10 04:08:54.813629,0 days 00:00:59.610659,10,17,29,1524,1345,COMPLETE
6,0.04713665997712405,2026-04-10 04:08:54.815053,2026-04-10 04:09:37.877628,0 days 00:00:43.062575,0,15,21,1320,516,COMPLETE
7,0.0483605463211875,2026-04-10 04:09:37.879925,2026-04-10 04:10:27.921092,0 days 00:00:50.041167,7,13,15,449,1304,COMPLETE
8,0.04918019267238301,2026-04-10 04:10:27.923628,2026-04-10 04:11:44.510949,0 days 00:01:16.587321,2,13,5,1908,1881,COMPLETE
9,0.048670498000382784,2026-04-10 04:11:44.512105,2026-04-10 04:12:30.009576,0 days 00:00:45.497471,9,9,19,588,719,COMPLETE
10,0.047736261403163775,2026-04-10 04:12:30.011040,2026-04-10 04:13:19.793211,0 days 00:00:49.782171,0,15,27,36,1940,COMPLETE
11,0.04924836337634011,2026-04-10 04:13:19.794178,2026-04-10 04:14:34.442876,0 days 00:01:14.648698,2,3,5,1935,1931,COMPLETE
12,0.04920587388676685,2026-04-10 04:14:34.452381,2026-04-10 04:15:44.719625,0 days 00:01:10.267244,2,3,5,1983,1380,COMPLETE
13,0.04875301989266537,2026-04-10 04:15:44.720898,2026-04-10 04:16:54.526243,0 days 00:01:09.805345,1,3,3,1709,1592,COMPLETE
14,0.04862785844141467,2026-04-10 04:16:54.527321,2026-04-10 04:17:53.522899,0 days 00:00:58.995578,4,5,27,1650,938,COMPLETE
15,0.04800694311850797,2026-04-10 04:17:53.525844,2026-04-10 04:18:43.323009,0 days 00:00:49.797165,1,19,25,1843,300,COMPLETE
16,0.048219229433930436,2026-04-10 04:18:43.324140,2026-04-10 04:19:38.328395,0 days 00:00:55.004255,2,15,31,1484,1003,COMPLETE
17,0.04750037029946812,2026-04-10 04:19:38.329553,2026-04-10 04:20:51.230748,0 days 00:01:12.901195,0,3,7,1728,1685,COMPLETE
18,0.04867665972761357,2026-04-10 04:20:51.239717,2026-04-10 04:21:43.786137,0 days 00:00:52.546420,5,5,17,770,982,COMPLETE
19,0.04842628498152024,2026-04-10 04:21:43.787382,2026-04-10 04:22:37.085506,0 days 00:00:53.298124,3,19,11,1507,277,COMPLETE
20,0.04846178278206221,2026-04-10 04:22:37.086669,2026-04-10 04:23:31.331334,0 days 00:00:54.244665,1,9,5,1166,1155,COMPLETE
21,0.04924294659436159,2026-04-10 04:23:31.332999,2026-04-10 04:24:41.772496,0 days 00:01:10.439497,2,3,5,1905,1599,COMPLETE
22,0.04911465113394979,2026-04-10 04:24:41.773973,2026-04-10 04:25:52.802392,0 days 00:01:11.028419,3,3,5,1982,1674,COMPLETE
23,0.04812243383110963,2026-04-10 04:25:52.804664,2026-04-10 04:27:05.497244,0 days 00:01:12.692580,1,3,27,1788,1626,COMPLETE
24,0.04892064711689326,2026-04-10 04:27:05.548026,2026-04-10 04:28:09.592036,0 days 00:01:04.044010,4,7,5,1592,1999,COMPLETE
25,0.04873358521196064,2026-04-10 04:28:09.594497,2026-04-10 04:29:26.123173,0 days 00:01:16.528676,2,11,17,1804,1791,COMPLETE
26,0.04808468740215535,2026-04-10 04:29:26.125036,2026-04-10 04:30:14.934608,0 days 00:00:48.809572,0,21,3,802,1462,COMPLETE
27,0.04935261926356644,2026-04-10 04:30:14.936736,2026-04-10 04:31:37.902278,0 days 00:01:22.965542,5,15,15,1999,1809,COMPLETE
28,0.04922573013220862,2026-04-10 04:31:37.903507,2026-04-10 04:32:45.780881,0 days 00:01:07.877374,7,15,15,1405,1823,COMPLETE
29,0.04871699347645305,2026-04-10 04:32:45.783407,2026-04-10 04:33:42.962299,0 days 00:00:57.178892,6,15,23,1645,725,COMPLETE
30,0.049197845488822736,2026-04-10 04:33:42.965170,2026-04-10 04:34:48.907706,0 days 00:01:05.942536,5,17,15,1987,1176,COMPLETE
31,0.049202068551074285,2026-04-10 04:34:48.909246,2026-04-10 04:35:59.074385,0 days 00:01:10.165139,3,3,13,1829,1523,COMPLETE
32,0.0490230735565112,2026-04-10 04:35:59.076588,2026-04-10 04:37:01.518915,0 days 00:01:02.442327,8,15,9,1874,1864,COMPLETE
33,0.04903945257848581,2026-04-10 04:37:01.529195,2026-04-10 04:38:11.763696,0 days 00:01:10.234501,5,11,11,1693,1741,COMPLETE
34,0.04857804913007231,2026-04-10 04:38:11.764981,2026-04-10 04:39:18.559870,0 days 00:01:06.794889,4,3,25,1176,1994,COMPLETE
35,0.04866556690217659,2026-04-10 04:39:18.562558,2026-04-10 04:40:11.821461,0 days 00:00:53.258903,6,7,7,1905,166,COMPLETE
36,0.04790878916918743,2026-04-10 04:40:11.822545,2026-04-10 04:41:20.422478,0 days 00:01:08.599933,1,15,29,1994,1500,COMPLETE
37,0.048939714879336356,2026-04-10 04:41:20.427470,2026-04-10 04:42:29.178842,0 days 00:01:08.751372,4,21,21,1555,1759,COMPLETE
38,0.048494234873548356,2026-04-10 04:42:29.180254,2026-04-10 04:43:22.023319,0 days 00:00:52.843065,2,17,15,1755,566,COMPLETE
39,0.046980015225160515,2026-04-10 04:43:22.024332,2026-04-10 04:44:10.484143,0 days 00:00:48.459811,0,13,23,1417,379,COMPLETE
40,0.048588789955936226,2026-04-10 04:44:10.492626,2026-04-10 04:45:08.258375,0 days 00:00:57.765749,3,15,31,1201,1299,COMPLETE
41,0.04920948231680222,2026-04-10 04:45:08.259766,2026-04-10 04:46:15.618750,0 days 00:01:07.358984,7,15,15,1382,1851,COMPLETE
42,0.048830506713300345,2026-04-10 04:46:15.620612,2026-04-10 04:47:27.868869,0 days 00:01:12.248257,9,15,15,1862,1883,COMPLETE
43,0.049244955871599785,2026-04-10 04:47:27.871369,2026-04-10 04:48:32.850512,0 days 00:01:04.979143,7,15,19,1606,1572,COMPLETE
44,0.048532423535553905,2026-04-10 04:48:32.853632,2026-04-10 04:49:19.178447,0 days 00:00:46.324815,6,9,19,106,1396,COMPLETE
45,0.04923437591450567,2026-04-10 04:49:19.179902,2026-04-10 04:50:26.548940,0 days 00:01:07.369038,8,3,19,1645,1561,COMPLETE
46,0.048288097081050786,2026-04-10 04:50:26.551004,2026-04-10 04:51:18.633622,0 days 00:00:52.082618,2,15,27,1288,722,COMPLETE
47,0.05004184654306042,2026-04-10 04:51:18.636164,2026-04-10 04:52:11.414317,0 days 00:00:52.778153,8,5,5,1910,1225,COMPLETE
48,0.0491784637504407,2026-04-10 04:52:11.417195,2026-04-10 04:53:15.914491,0 days 00:01:04.497296,9,5,19,1749,1258,COMPLETE
49,0.048913585686727296,2026-04-10 04:53:15.915889,2026-04-10 04:54:09.130424,0 days 00:00:53.214535,8,5,9,1576,831,COMPLETE
50,0.04875763516401808,2026-04-10 04:54:09.132974,2026-04-10 04:55:02.832340,0 days 00:00:53.699366,7,5,13,1005,1187,COMPLETE
51,0.050020889290083984,2026-04-10 04:55:02.834016,2026-04-10 04:55:54.330063,0 days 00:00:51.496047,9,19,5,1924,1091,COMPLETE
52,0.05002385650789578,2026-04-10 04:55:54.338748,2026-04-10 04:56:48.020247,0 days 00:00:53.681499,9,19,5,1914,1045,COMPLETE
53,0.05071993352645967,2026-04-10 04:56:48.021388,2026-04-10 04:57:39.027522,0 days 00:00:51.006134,10,19,5,1923,1088,COMPLETE
54,0.050720550850854675,2026-04-10 04:57:39.029152,2026-04-10 04:58:29.644003,0 days 00:00:50.614851,10,19,5,1929,1076,COMPLETE
55,0.05075956529669105,2026-04-10 04:58:29.645322,2026-04-10 04:59:19.980811,0 days 00:00:50.335489,10,19,5,1886,1038,COMPLETE
56,0.050761744909483986,2026-04-10 04:59:19.982476,2026-04-10 05:00:10.207433,0 days 00:00:50.224957,10,19,5,1820,878,COMPLETE
57,0.05085684961344805,2026-04-10 05:00:10.208507,2026-04-10 05:00:59.117779,0 days 00:00:48.909272,10,19,5,1708,877,COMPLETE
58,0.050858843350396025,2026-04-10 05:00:59.121513,2026-04-10 05:01:49.419788,0 days 00:00:50.298275,10,19,5,1709,884,COMPLETE
59,0.050987858948020215,2026-04-10 05:01:49.421092,2026-04-10 05:02:35.827527,0 days 00:00:46.406435,10,19,5,1463,872,COMPLETE
60,0.05098747220907547,2026-04-10 05:02:35.828974,2026-04-10 05:03:22.081885,0 days 00:00:46.252911,10,19,5,1470,878,COMPLETE
61,0.05097725331933215,2026-04-10 05:03:22.091451,2026-04-10 05:04:07.775242,0 days 00:00:45.683791,10,19,5,1481,871,COMPLETE
62,0.05098424181810925,2026-04-10 05:04:07.776444,2026-04-10 05:04:53.671644,0 days 00:00:45.895200,10,19,5,1468,868,COMPLETE
63,0.04887561539097365,2026-04-10 05:04:53.673261,2026-04-10 05:05:49.704687,0 days 00:00:56.031426,10,19,27,1509,789,COMPLETE
64,0.05041364645931437,2026-04-10 05:05:49.707614,2026-04-10 05:06:32.216749,0 days 00:00:42.509135,9,19,5,1093,660,COMPLETE
65,0.05106634876278071,2026-04-10 05:06:32.219834,2026-04-10 05:07:16.131889,0 days 00:00:43.912055,10,19,5,1358,924,COMPLETE
66,0.04852540742827487,2026-04-10 05:07:16.141284,2026-04-10 05:08:06.062111,0 days 00:00:49.920827,10,19,29,1449,452,COMPLETE
67,0.050445502341555565,2026-04-10 05:08:06.063085,2026-04-10 05:08:48.622284,0 days 00:00:42.559199,9,19,3,1343,922,COMPLETE
68,0.048926612479083496,2026-04-10 05:08:48.623596,2026-04-10 05:09:39.824012,0 days 00:00:51.200416,10,19,21,1272,779,COMPLETE
69,0.05023252078588112,2026-04-10 05:09:39.825186,2026-04-10 05:10:26.889553,0 days 00:00:47.064367,9,19,5,1453,618,COMPLETE
70,0.04902533516917873,2026-04-10 05:10:26.892050,2026-04-10 05:11:26.927506,0 days 00:01:00.035456,10,13,25,1518,933,COMPLETE
71,0.05087018142897558,2026-04-10 05:11:26.928688,2026-04-10 05:12:14.950542,0 days 00:00:48.021854,10,19,5,1687,862,COMPLETE
72,0.05105256066892816,2026-04-10 05:12:14.951846,2026-04-10 05:13:02.255058,0 days 00:00:47.303212,10,19,5,1330,987,COMPLETE
73,0.04889146476599862,2026-04-10 05:13:02.256232,2026-04-10 05:13:57.678332,0 days 00:00:55.422100,9,19,17,1347,958,COMPLETE
74,0.051130722320122265,2026-04-10 05:13:57.679680,2026-04-10 05:14:38.143555,0 days 00:00:40.463875,10,19,5,1096,28,COMPLETE
75,0.048126376182014347,2026-04-10 05:14:38.144734,2026-04-10 05:15:18.207175,0 days 00:00:40.062441,9,11,27,939,69,COMPLETE
76,0.04860559627423388,2026-04-10 05:15:18.208961,2026-04-10 05:16:03.572522,0 days 00:00:45.363561,10,7,11,1265,170,COMPLETE
77,0.048255698266496456,2026-04-10 05:16:03.575442,2026-04-10 05:16:45.069137,0 days 00:00:41.493695,10,19,31,928,97,COMPLETE
78,0.04951616917603656,2026-04-10 05:16:45.070360,2026-04-10 05:17:29.972474,0 days 00:00:44.902114,8,21,7,1094,785,COMPLETE
79,0.05040177072778313,2026-04-10 05:17:29.974403,2026-04-10 05:18:12.577567,0 days 00:00:42.603164,9,9,5,1226,184,COMPLETE
80,0.051086867800155374,2026-04-10 05:18:12.578801,2026-04-10 05:18:58.422331,0 days 00:00:45.843530,10,19,5,1383,11,COMPLETE
81,0.05107902662059046,2026-04-10 05:18:58.424505,2026-04-10 05:19:42.052614,0 days 00:00:43.628109,10,19,5,1375,257,COMPLETE
82,0.05114320933532579,2026-04-10 05:19:42.054449,2026-04-10 05:20:26.679671,0 days 00:00:44.625222,10,17,5,1383,19,COMPLETE
83,0.05026518886263075,2026-04-10 05:20:26.687014,2026-04-10 05:21:10.543168,0 days 00:00:43.856154,9,17,5,1371,264,COMPLETE
84,0.05119714264360009,2026-04-10 05:21:10.544846,2026-04-10 05:21:53.590294,0 days 00:00:43.045448,10,17,5,1139,36,COMPLETE
85,0.050369910866139074,2026-04-10 05:21:53.592141,2026-04-10 05:22:36.479171,0 days 00:00:42.887030,9,17,5,1122,44,COMPLETE
86,0.0508902003788908,2026-04-10 05:22:36.489093,2026-04-10 05:23:18.227211,0 days 00:00:41.738118,10,17,23,1216,4,COMPLETE
87,0.04819824192520816,2026-04-10 05:23:18.229771,2026-04-10 05:24:00.660312,0 days 00:00:42.430541,9,17,27,1147,96,COMPLETE
88,0.04834120960399718,2026-04-10 05:24:00.661367,2026-04-10 05:24:45.940360,0 days 00:00:45.278993,10,17,13,1313,231,COMPLETE
89,0.05115643888588419,2026-04-10 05:24:45.942583,2026-04-10 05:25:27.793649,0 days 00:00:41.851066,10,17,5,1044,109,COMPLETE
90,0.05076339807527229,2026-04-10 05:25:27.796512,2026-04-10 05:26:07.419797,0 days 00:00:39.623285,8,17,3,1038,120,COMPLETE
91,0.05125976382172224,2026-04-10 05:26:07.421551,2026-04-10 05:26:45.878956,0 days 00:00:38.457405,10,17,5,808,30,COMPLETE
92,0.05135018045920089,2026-04-10 05:26:45.881892,2026-04-10 05:27:22.209669,0 days 00:00:36.327777,10,17,5,692,332,COMPLETE
93,0.05136996229298137,2026-04-10 05:27:22.212496,2026-04-10 05:27:58.791755,0 days 00:00:36.579259,10,17,5,712,145,COMPLETE
94,0.05141331692698665,2026-04-10 05:27:58.792413,2026-04-10 05:28:34.225243,0 days 00:00:35.432830,10,17,5,628,349,COMPLETE
95,0.05067636474509834,2026-04-10 05:28:34.226671,2026-04-10 05:29:10.711615,0 days 00:00:36.484944,9,17,5,631,335,COMPLETE
96,0.05137202791415589,2026-04-10 05:29:10.720308,2026-04-10 05:29:48.409926,0 days 00:00:37.689618,10,17,5,683,210,COMPLETE
97,0.05138192555598685,2026-04-10 05:29:48.411273,2026-04-10 05:30:26.669749,0 days 00:00:38.258476,10,17,5,675,207,COMPLETE
98,0.04842610720921435,2026-04-10 05:30:26.671552,2026-04-10 05:31:07.533958,0 days 00:00:40.862406,9,17,9,672,411,COMPLETE
99,0.04836633048175115,2026-04-10 05:31:07.535213,2026-04-10 05:31:46.111077,0 days 00:00:38.575864,10,17,17,479,208,COMPLETE
